{"v":"5.9.0","fr":30,"ip":0,"op":90,"w":1400,"h":1400,"nm":"Coral_Icon_v3_Loop","ddd":0,"assets":[],"layers":[{"ddd":0,"ind":1,"ty":4,"nm":"Layer 4/Coral_Icon_Vector_3 Outlines","sr":1,"ks":{"o":{"a":0,"k":100,"ix":11},"r":{"a":0,"k":0,"ix":10},"p":{"a":0,"k":[700,700,0],"ix":2,"l":2},"a":{"a":0,"k":[700,700,0],"ix":1,"l":2},"s":{"a":0,"k":[100,100,100],"ix":6,"l":2}},"ao":0,"ef":[{"ty":21,"nm":"Fill","np":9,"mn":"ADBE Fill","ix":1,"en":1,"ef":[{"ty":10,"nm":"Fill Mask","mn":"ADBE Fill-0001","ix":1,"v":{"a":0,"k":0,"ix":1}},{"ty":7,"nm":"All Masks","mn":"ADBE Fill-0007","ix":2,"v":{"a":0,"k":0,"ix":2}},{"ty":2,"nm":"Color","mn":"ADBE Fill-0002","ix":3,"v":{"a":0,"k":[1,0.466666668653,0.349019616842,1],"ix":3}},{"ty":7,"nm":"Invert","mn":"ADBE Fill-0006","ix":4,"v":{"a":0,"k":0,"ix":4}},{"ty":0,"nm":"Horizontal Feather","mn":"ADBE Fill-0003","ix":5,"v":{"a":0,"k":0,"ix":5}},{"ty":0,"nm":"Vertical Feather","mn":"ADBE Fill-0004","ix":6,"v":{"a":0,"k":0,"ix":6}},{"ty":0,"nm":"Opacity","mn":"ADBE Fill-0005","ix":7,"v":{"a":0,"k":1,"ix":7}}]}],"shapes":[{"ty":"gr","it":[{"ind":0,"ty":"sh","ix":1,"ks":{"a":0,"k":{"i":[[-0.001,46.336],[0,0],[-52.881,-52.758],[0,0],[62.481,0],[0,0]],"o":[[0,0],[0.001,-74.698],[0,0],[44.232,44.129],[0,0],[-46.336,0]],"v":[[-159.593,68.08],[-159.591,-39.827],[-16.438,-99.22],[115.362,32.275],[65.861,151.979],[-75.695,151.979]],"c":true},"ix":2},"nm":"Path 1","mn":"ADBE Vector Shape - Group","hd":false},{"ty":"fl","c":{"a":0,"k":[1,0.466666696586,0.349019607843,1],"ix":4},"o":{"a":0,"k":100,"ix":5},"r":1,"bm":0,"nm":"Fill 1","mn":"ADBE Vector Graphic - Fill","hd":false},{"ty":"tr","p":{"a":0,"k":[399.763,1016.563],"ix":2},"a":{"a":0,"k":[0,0],"ix":1},"s":{"a":0,"k":[100,100],"ix":3},"r":{"a":0,"k":0,"ix":6},"o":{"a":0,"k":100,"ix":7},"sk":{"a":0,"k":0,"ix":4},"sa":{"a":0,"k":0,"ix":5},"nm":"Transform"}],"nm":"Group 1","np":2,"cix":2,"bm":0,"ix":1,"mn":"ADBE Vector Group","hd":false}],"ip":81,"op":124,"st":81,"bm":0},{"ddd":0,"ind":2,"ty":4,"nm":"Layer 3/Coral_Icon_Vector_3 Outlines","sr":1,"ks":{"o":{"a":0,"k":100,"ix":11},"r":{"a":0,"k":0,"ix":10},"p":{"a":0,"k":[700,700,0],"ix":2,"l":2},"a":{"a":0,"k":[700,700,0],"ix":1,"l":2},"s":{"a":0,"k":[100,100,100],"ix":6,"l":2}},"ao":0,"ef":[{"ty":21,"nm":"Fill","np":9,"mn":"ADBE Fill","ix":1,"en":1,"ef":[{"ty":10,"nm":"Fill Mask","mn":"ADBE Fill-0001","ix":1,"v":{"a":0,"k":0,"ix":1}},{"ty":7,"nm":"All Masks","mn":"ADBE Fill-0007","ix":2,"v":{"a":0,"k":0,"ix":2}},{"ty":2,"nm":"Color","mn":"ADBE Fill-0002","ix":3,"v":{"a":0,"k":[1,0.466666668653,0.349019616842,1],"ix":3}},{"ty":7,"nm":"Invert","mn":"ADBE Fill-0006","ix":4,"v":{"a":0,"k":0,"ix":4}},{"ty":0,"nm":"Horizontal Feather","mn":"ADBE Fill-0003","ix":5,"v":{"a":0,"k":0,"ix":5}},{"ty":0,"nm":"Vertical Feather","mn":"ADBE Fill-0004","ix":6,"v":{"a":0,"k":0,"ix":6}},{"ty":0,"nm":"Opacity","mn":"ADBE Fill-0005","ix":7,"v":{"a":0,"k":1,"ix":7}}]}],"shapes":[{"ty":"gr","it":[{"ind":0,"ty":"sh","ix":1,"ks":{"a":0,"k":{"i":[[0.001,-101.737],[0,0],[81.307,81.138],[0,0],[0.009,73.32],[0,0],[-101.744,0],[0,0]],"o":[[0,0],[-0.002,114.866],[0,0],[-51.899,-51.791],[0,0],[-0.012,-101.745],[0,0],[101.737,0]],"v":[[229.967,-196.262],[230.392,208.021],[10.259,299.335],[-148.854,140.554],[-229.931,-54.862],[-230.379,-196.242],[-46.171,-380.474],[45.759,-380.474]],"c":true},"ix":2},"nm":"Path 1","mn":"ADBE Vector Shape - Group","hd":false},{"ty":"fl","c":{"a":0,"k":[1,0.466666696586,0.349019607843,1],"ix":4},"o":{"a":0,"k":100,"ix":5},"r":1,"bm":0,"nm":"Fill 1","mn":"ADBE Vector Graphic - Fill","hd":false},{"ty":"tr","p":{"a":0,"k":[430.687,578.822],"ix":2},"a":{"a":0,"k":[0,0],"ix":1},"s":{"a":0,"k":[100,100],"ix":3},"r":{"a":0,"k":0,"ix":6},"o":{"a":0,"k":100,"ix":7},"sk":{"a":0,"k":0,"ix":4},"sa":{"a":0,"k":0,"ix":5},"nm":"Transform"}],"nm":"Group 1","np":2,"cix":2,"bm":0,"ix":1,"mn":"ADBE Vector Group","hd":false}],"ip":85,"op":126,"st":85,"bm":0},{"ddd":0,"ind":3,"ty":4,"nm":"Layer 2/Coral_Icon_Vector_3 Outlines","sr":1,"ks":{"o":{"a":0,"k":100,"ix":11},"r":{"a":0,"k":0,"ix":10},"p":{"a":0,"k":[700,700,0],"ix":2,"l":2},"a":{"a":0,"k":[700,700,0],"ix":1,"l":2},"s":{"a":0,"k":[100,100,100],"ix":6,"l":2}},"ao":0,"ef":[{"ty":21,"nm":"Fill","np":9,"mn":"ADBE Fill","ix":1,"en":1,"ef":[{"ty":10,"nm":"Fill Mask","mn":"ADBE Fill-0001","ix":1,"v":{"a":0,"k":0,"ix":1}},{"ty":7,"nm":"All Masks","mn":"ADBE Fill-0007","ix":2,"v":{"a":0,"k":0,"ix":2}},{"ty":2,"nm":"Color","mn":"ADBE Fill-0002","ix":3,"v":{"a":0,"k":[1,0.466666668653,0.349019616842,1],"ix":3}},{"ty":7,"nm":"Invert","mn":"ADBE Fill-0006","ix":4,"v":{"a":0,"k":0,"ix":4}},{"ty":0,"nm":"Horizontal Feather","mn":"ADBE Fill-0003","ix":5,"v":{"a":0,"k":0,"ix":5}},{"ty":0,"nm":"Vertical Feather","mn":"ADBE Fill-0004","ix":6,"v":{"a":0,"k":0,"ix":6}},{"ty":0,"nm":"Opacity","mn":"ADBE Fill-0005","ix":7,"v":{"a":0,"k":1,"ix":7}}]}],"shapes":[{"ty":"gr","it":[{"ind":0,"ty":"sh","ix":1,"ks":{"a":0,"k":{"i":[[93.23,0.005],[0,0],[-0.626,93.457],[0,0],[-53.816,53.941],[0,0],[0,-112.917],[0,0]],"o":[[0,0],[-93.459,-0.005],[0,0],[0.51,-76.194],[0,0],[79.752,-79.938],[0,0],[0,93.23]],"v":[[63.634,373.411],[-63.032,373.404],[-231.82,203.473],[-230.942,72.249],[-146.168,-130.823],[16.109,-293.477],[232.445,-204.016],[232.445,204.609]],"c":true},"ix":2},"nm":"Path 1","mn":"ADBE Vector Shape - Group","hd":false},{"ty":"fl","c":{"a":0,"k":[1,0.466666696586,0.349019607843,1],"ix":4},"o":{"a":0,"k":100,"ix":5},"r":1,"bm":0,"nm":"Fill 1","mn":"ADBE Vector Graphic - Fill","hd":false},{"ty":"tr","p":{"a":0,"k":[974.396,832.325],"ix":2},"a":{"a":0,"k":[0,0],"ix":1},"s":{"a":0,"k":[100,100],"ix":3},"r":{"a":0,"k":0,"ix":6},"o":{"a":0,"k":100,"ix":7},"sk":{"a":0,"k":0,"ix":4},"sa":{"a":0,"k":0,"ix":5},"nm":"Transform"}],"nm":"Group 1","np":2,"cix":2,"bm":0,"ix":1,"mn":"ADBE Vector Group","hd":false}],"ip":76,"op":121,"st":76,"bm":0},{"ddd":0,"ind":4,"ty":4,"nm":"Layer 2/Coral_Icon_Vector_3 Outlines","sr":0.8,"ks":{"o":{"a":0,"k":100,"ix":11},"r":{"a":0,"k":0,"ix":10},"p":{"a":0,"k":[700,700,0],"ix":2,"l":2},"a":{"a":0,"k":[700,700,0],"ix":1,"l":2},"s":{"a":0,"k":[100,100,100],"ix":6,"l":2}},"ao":0,"shapes":[{"ty":"gr","it":[{"ind":0,"ty":"sh","ix":1,"ks":{"a":1,"k":[{"i":{"x":0.833,"y":0.833},"o":{"x":0.333,"y":0},"t":52,"s":[{"i":[[21.97,-0.146],[0,0],[0.924,7.703],[0,0],[-16.228,-0.001],[0,0],[-0.537,-11.829],[0,0]],"o":[[0,0],[-30.364,-0.228],[0,0],[0.987,-18.074],[0,0],[23.995,0.153],[0,0],[0.213,13.135]],"v":[[-34.365,372.821],[-64.032,373.404],[-99.82,356.973],[-99.383,349.249],[-66.168,329.677],[-34.641,330.273],[1.141,348.504],[0.891,355.04]],"c":true}]},{"i":{"x":0.667,"y":1},"o":{"x":0.167,"y":0.167},"t":60,"s":[{"i":[[58.97,0.854],[0,0],[-0.626,93.457],[0,0],[-77.228,0.499],[0,0],[-0.287,-64.329],[0,0]],"o":[[0,0],[-93.459,-0.005],[0,0],[2.487,-37.574],[0,0],[73.495,2.153],[0,0],[-2.287,72.635]],"v":[[-34.365,372.821],[-64.032,373.404],[-231.82,203.473],[-232.883,186.249],[-135.168,135.177],[-22.891,135.523],[68.891,231.004],[68.891,275.04]],"c":true}]},{"i":{"x":0.833,"y":0.833},"o":{"x":0.333,"y":0},"t":76,"s":[{"i":[[93.23,0.005],[0,0],[-0.626,93.457],[0,0],[-53.816,53.941],[0,0],[0,-112.917],[0,0]],"o":[[0,0],[-93.459,-0.005],[0,0],[0.51,-76.194],[0,0],[79.752,-79.938],[0,0],[0,93.23]],"v":[[63.634,373.411],[-63.032,373.404],[-231.82,203.473],[-230.942,72.249],[-146.168,-130.823],[16.109,-293.477],[232.445,-204.016],[232.445,204.609]],"c":true}]},{"i":{"x":0.667,"y":1},"o":{"x":0.167,"y":0.167},"t":95.2,"s":[{"i":[[31.003,-0.194],[0,0],[17.524,13.194],[1.486,9.042],[-22.263,21.654],[-25.488,17.774],[-33.066,-43.687],[0.808,-9.043]],"o":[[0,0],[-20.082,0.017],[-9.226,-8.306],[-1.437,-22.415],[0,0],[70.262,-40.476],[22.434,31.813],[0.765,41.549]],"v":[[117.784,-176.107],[40.368,-175.657],[-30.17,-186.519],[-45.166,-209.992],[-11.133,-266.229],[37.592,-311.348],[208.295,-279.012],[232.214,-210.373]],"c":true}]},{"t":99.2,"s":[{"i":[[18.039,-0.235],[0,0],[11.007,0.797],[1.796,10.926],[-16.478,4.499],[-8.998,0.406],[-8.091,-2.308],[0.977,-10.927]],"o":[[0,0],[-4.795,0.022],[-11.007,-0.797],[-1.843,-11.212],[0,0],[13.245,-0.597],[16.884,4.816],[-0.9,10.066]],"v":[[129.065,-290.589],[111.149,-290.346],[87.361,-291.027],[61.808,-306.25],[79.832,-328.573],[98.859,-330.477],[135.445,-328.017],[158.004,-305.891]],"c":true}]}],"ix":2},"nm":"Path 1","mn":"ADBE Vector Shape - Group","hd":false},{"ty":"fl","c":{"a":0,"k":[1,0.466666668653,0.349019616842,1],"ix":4},"o":{"a":0,"k":100,"ix":5},"r":1,"bm":0,"nm":"Fill 1","mn":"ADBE Vector Graphic - Fill","hd":false},{"ty":"tr","p":{"a":0,"k":[974.396,832.325],"ix":2},"a":{"a":0,"k":[0,0],"ix":1},"s":{"a":0,"k":[100,100],"ix":3},"r":{"a":0,"k":0,"ix":6},"o":{"a":0,"k":100,"ix":7},"sk":{"a":0,"k":0,"ix":4},"sa":{"a":0,"k":0,"ix":5},"nm":"Transform"}],"nm":"Group 1","np":2,"cix":2,"bm":0,"ix":1,"mn":"ADBE Vector Group","hd":false}],"ip":52,"op":76,"st":28,"bm":0},{"ddd":0,"ind":5,"ty":4,"nm":"Layer 3/Coral_Icon_Vector_3 Outlines","sr":0.8,"ks":{"o":{"a":0,"k":100,"ix":11},"r":{"a":0,"k":0,"ix":10},"p":{"a":0,"k":[700,700,0],"ix":2,"l":2},"a":{"a":0,"k":[700,700,0],"ix":1,"l":2},"s":{"a":0,"k":[100,100,100],"ix":6,"l":2}},"ao":0,"shapes":[{"ty":"gr","it":[{"ind":0,"ty":"sh","ix":1,"ks":{"a":1,"k":[{"i":{"x":0.833,"y":0.833},"o":{"x":0.167,"y":0.167},"t":61,"s":[{"i":[[7.378,-10.061],[13.172,-8.594],[12.304,-1.908],[3.666,10.373],[-9.382,6.789],[0,0],[-7.517,2.651],[0,0]],"o":[[-5.074,6.918],[-15.834,10.331],[0,0],[-3.424,-9.688],[0,0],[6.817,-3.831],[8.382,-2.957],[13.304,-2.849]],"v":[[197.685,294.738],[175.141,314.521],[127.759,334.335],[109.147,328.054],[120.945,306.388],[139.246,294.759],[166.58,282.026],[184.009,277.026]],"c":true}]},{"i":{"x":0.833,"y":0.833},"o":{"x":0.167,"y":0.167},"t":69,"s":[{"i":[[-0.133,-34.394],[0.755,-28.344],[90.72,76.009],[2.444,6.916],[-0.173,37.706],[0,0],[-31.85,-0.515],[0,0]],"o":[[-0.133,22.606],[-13.745,95.656],[0,0],[-19.582,-23.722],[0,0],[1.776,-38.414],[46.15,-0.515],[34.388,0.318]],"v":[[230.446,142.072],[230.058,221.522],[15.593,304.169],[-47.853,241.554],[-68.014,165.472],[-67.963,148.092],[-16.837,93.193],[176.425,93.36]],"c":true}]},{"i":{"x":0.833,"y":0.833},"o":{"x":0.167,"y":0.167},"t":85,"s":[{"i":[[0.001,-101.737],[0,0],[80.946,78.158],[0,0],[0.009,73.32],[0,0],[-101.744,0],[0,0]],"o":[[0,0],[-0.002,114.866],[-80.946,-78.158],[-51.899,-51.791],[0,0],[-0.012,-101.745],[0,0],[101.737,0]],"v":[[229.967,-196.262],[230.392,208.021],[10.259,299.335],[-148.854,140.554],[-229.931,-54.862],[-230.379,-196.242],[-46.171,-380.474],[45.759,-380.474]],"c":true}]},{"i":{"x":0.833,"y":0.833},"o":{"x":0.167,"y":0.167},"t":94,"s":[{"i":[[-8.093,-82.751],[0,0],[52.009,17.901],[43.655,16.093],[1.233,62.146],[-13.019,38.061],[-72.367,1.029],[0,0]],"o":[[0,0],[1.885,64.729],[-72.991,-19.099],[-43.655,-16.093],[0,0],[26.981,-60.939],[0,0],[99.228,-0.293]],"v":[[225.453,-224.873],[227.314,-22.304],[107.304,34.277],[-165.032,-43.729],[-230.92,-165.969],[-217.668,-265.884],[-55.39,-378.919],[41.527,-380.87]],"c":true}]},{"i":{"x":0.833,"y":0.833},"o":{"x":0.167,"y":0.167},"t":102.6,"s":[{"i":[[-15.827,-64.609],[0,0],[24.778,0.428],[0,0],[-8.377,29.226],[-19.221,23.919],[-44.296,2.011],[0,0]],"o":[[0,0],[3.689,16.82],[0,0],[-30.696,-1.911],[0,0],[21.279,-24.581],[0,0],[96.83,-0.573]],"v":[[221.14,-252.213],[224.374,-242.392],[200.035,-219.001],[-180.491,-219.822],[-212.31,-276.048],[-185.966,-318.742],[-64.199,-377.433],[37.483,-381.249]],"c":true}]},{"t":108.2,"s":[{"i":[[-0.154,-11.311],[0,0],[27.804,-0.908],[0,0],[0.494,9.789],[-13.943,6.331],[-26.016,2.651],[0,0]],"o":[[0,0],[-0.078,9.656],[0,0],[-16.333,0.123],[0,0],[13.943,-6.331],[0,0],[22.555,0.125]],"v":[[-11.033,-366.762],[-10.859,-354.728],[-44.741,-334.164],[-99.604,-333.946],[-136.181,-347.862],[-124.379,-362.992],[-67.421,-379.224],[-44.241,-380.697]],"c":true}]}],"ix":2},"nm":"Path 1","mn":"ADBE Vector Shape - Group","hd":false},{"ty":"fl","c":{"a":0,"k":[1,0.466666668653,0.349019616842,1],"ix":4},"o":{"a":0,"k":100,"ix":5},"r":1,"bm":0,"nm":"Fill 1","mn":"ADBE Vector Graphic - Fill","hd":false},{"ty":"tr","p":{"a":0,"k":[431.132,579.619],"ix":2},"a":{"a":0,"k":[0,0],"ix":1},"s":{"a":0,"k":[100,100],"ix":3},"r":{"a":0,"k":0,"ix":6},"o":{"a":0,"k":100,"ix":7},"sk":{"a":0,"k":0,"ix":4},"sa":{"a":0,"k":0,"ix":5},"nm":"Transform"}],"nm":"Group 1","np":2,"cix":2,"bm":0,"ix":1,"mn":"ADBE Vector Group","hd":false}],"ip":61,"op":85,"st":37,"bm":0},{"ddd":0,"ind":6,"ty":4,"nm":"Layer 4/Coral_Icon_Vector_3 Outlines","sr":0.8,"ks":{"o":{"a":0,"k":100,"ix":11},"r":{"a":0,"k":0,"ix":10},"p":{"a":0,"k":[700,700,0],"ix":2,"l":2},"a":{"a":0,"k":[700,700,0],"ix":1,"l":2},"s":{"a":0,"k":[100,100,100],"ix":6,"l":2}},"ao":0,"shapes":[{"ty":"gr","it":[{"ind":0,"ty":"sh","ix":1,"ks":{"a":1,"k":[{"i":{"x":0.833,"y":0.833},"o":{"x":0.333,"y":0},"t":57,"s":[{"i":[[0.33,6.629],[0,0],[-10.326,-0.343],[0,0],[15.876,-0.27],[0,0]],"o":[[0,0],[0.078,-4.486],[0,0],[12.124,0.287],[0,0],[-7.818,0.23]],"v":[[36.906,143.308],[37.159,139.423],[51.313,132.53],[70.862,133.15],[70.61,151.957],[51.304,151.957]],"c":true}]},{"i":{"x":0.667,"y":1},"o":{"x":0.167,"y":0.167},"t":66.6,"s":[{"i":[[0.198,22.512],[0,0],[-27.348,-21.309],[0,0],[44.526,-1.529],[0,0]],"o":[[0,0],[0.047,-32.571],[0,0],[47.574,59.637],[0,0],[-23.225,0.138]],"v":[[-41.694,113.217],[-41.329,-32.277],[24.425,-60.17],[116.662,31.8],[68.711,151.966],[0.504,151.966]],"c":true}]},{"i":{"x":0.833,"y":1},"o":{"x":0.333,"y":0},"t":81,"s":[{"i":[[-0.001,46.336],[0,0],[-52.881,-52.758],[0,0],[62.481,0],[0,0]],"o":[[0,0],[0.001,-74.698],[0,0],[44.232,44.129],[0,0],[-46.336,0]],"v":[[-159.593,68.08],[-159.591,-39.827],[-16.438,-99.22],[115.362,32.275],[65.861,151.979],[-75.695,151.979]],"c":true}]},{"t":104.2,"s":[{"i":[[10.581,-0.072],[-11.14,6.27],[-12.451,0.032],[0,0],[9.376,-0.042],[0,0]],"o":[[-15.67,0.107],[13.078,-7.361],[15.556,-0.04],[11.374,8.537],[0,0],[-14.943,0.083]],"v":[[-107.343,-99.67],[-115.091,-113.702],[-73.812,-123.595],[-39.887,-116.101],[-41.889,-100.021],[-64.446,-99.771]],"c":true}]}],"ix":2},"nm":"Path 1","mn":"ADBE Vector Shape - Group","hd":false},{"ty":"fl","c":{"a":0,"k":[1,0.466666668653,0.349019616842,1],"ix":4},"o":{"a":0,"k":100,"ix":5},"r":1,"bm":0,"nm":"Fill 1","mn":"ADBE Vector Graphic - Fill","hd":false},{"ty":"tr","p":{"a":0,"k":[399.763,1016.563],"ix":2},"a":{"a":0,"k":[0,0],"ix":1},"s":{"a":0,"k":[100,100],"ix":3},"r":{"a":0,"k":0,"ix":6},"o":{"a":0,"k":100,"ix":7},"sk":{"a":0,"k":0,"ix":4},"sa":{"a":0,"k":0,"ix":5},"nm":"Transform"}],"nm":"Group 1","np":2,"cix":2,"bm":0,"ix":1,"mn":"ADBE Vector Group","hd":false}],"ip":57,"op":81,"st":33,"bm":0},{"ddd":0,"ind":7,"ty":4,"nm":"Layer 5/Coral_Icon_Vector_3 Outlines","sr":0.8,"ks":{"o":{"a":0,"k":100,"ix":11},"r":{"a":0,"k":0,"ix":10},"p":{"a":0,"k":[700,700,0],"ix":2,"l":2},"a":{"a":0,"k":[700,700,0],"ix":1,"l":2},"s":{"a":0,"k":[100,100,100],"ix":6,"l":2}},"ao":0,"shapes":[{"ty":"gr","it":[{"ind":0,"ty":"sh","ix":1,"ks":{"a":1,"k":[{"i":{"x":0.833,"y":0.833},"o":{"x":0.333,"y":0},"t":67,"s":[{"i":[[-20.05,-12.219],[0,0],[8.637,-7.103],[9.861,4.195],[6.178,4.726],[1.928,3.538]],"o":[[0,0],[16.931,6.552],[0,0],[-9.376,-3.989],[0,0],[-5.572,-11.712]],"v":[[-118.4,81.372],[-98.631,89.851],[-84.587,115.257],[-103.311,115.709],[-135.628,97.927],[-143.878,88.615]],"c":true}]},{"i":{"x":0.833,"y":0.833},"o":{"x":0.167,"y":0.167},"t":71.8,"s":[{"i":[[-24.497,-10.947],[0,0],[18.825,-19.889],[44.521,-0.841],[17.337,21.289],[8.979,27.5]],"o":[[0,0],[21.742,5.87],[0,0],[-45.479,-0.091],[0,0],[-4.993,-17.026]],"v":[[-128.898,20.084],[-70.365,38.429],[6.476,93.293],[-63.221,120.745],[-154.036,81.364],[-177.303,40.028]],"c":true}]},{"i":{"x":0.667,"y":1},"o":{"x":0.167,"y":0.167},"t":79.8,"s":[{"i":[[-45.067,-5.065],[0,0],[32.589,-33.319],[23.634,-16.337],[14.649,77.867],[0.425,19.864]],"o":[[0,0],[43.996,2.714],[0,0],[-59.444,38.718],[0,0],[0.425,-38.636]],"v":[[-96.151,-76.26],[13.912,-67.775],[76.635,22.677],[-9.334,105.241],[-179.099,29.787],[-181.875,-4.96]],"c":true}]},{"i":{"x":0.833,"y":0.833},"o":{"x":0.333,"y":0},"t":91,"s":[{"i":[[-62.813,0.009],[0,0],[44.464,-44.905],[0,0],[0,101.604],[0,0]],"o":[[0,0],[63.194,-0.009],[0,0],[-71.491,72.199],[0,0],[0,-62.812]],"v":[[-67.9,-159.378],[86.619,-159.398],[137.164,-38.243],[12.939,87.208],[-181.628,7.177],[-181.628,-45.634]],"c":true}]},{"i":{"x":0.667,"y":1},"o":{"x":0.167,"y":0.167},"t":109.4,"s":[{"i":[[-13.596,1.109],[-13.318,-4.849],[-0.502,-33.07],[0,0],[5.893,34.183],[0,0]],"o":[[15.151,-0.141],[42.926,16.151],[-0.75,33.673],[-20.947,17.569],[0,0],[-3.934,-30.768]],"v":[[64.406,-159.703],[105.373,-156.996],[157.551,-84.278],[130.395,-30.179],[60.919,-61.542],[52.745,-115.827]],"c":true}]},{"t":114.2,"s":[{"i":[[-4.325,1.594],[-6.819,-6.073],[-5.738,-14.603],[0,0],[3.928,4.601],[0,0]],"o":[[4.325,-1.594],[14.067,12.528],[2.26,5.752],[-7.764,3.32],[0,0],[-4.322,-4.587]],"v":[[113.725,-148.128],[130.119,-145.023],[153.414,-113.618],[150.314,-104.917],[132.372,-114.447],[113.872,-134.134]],"c":true}]}],"ix":2},"nm":"Path 1","mn":"ADBE Vector Shape - Group","hd":false},{"ty":"fl","c":{"a":0,"k":[1,0.466666668653,0.349019616842,1],"ix":4},"o":{"a":0,"k":100,"ix":5},"r":1,"bm":0,"nm":"Fill 1","mn":"ADBE Vector Graphic - Fill","hd":false},{"ty":"tr","p":{"a":0,"k":[924.2,398.096],"ix":2},"a":{"a":0,"k":[0,0],"ix":1},"s":{"a":0,"k":[100,100],"ix":3},"r":{"a":0,"k":0,"ix":6},"o":{"a":0,"k":100,"ix":7},"sk":{"a":0,"k":0,"ix":4},"sa":{"a":0,"k":0,"ix":5},"nm":"Transform"}],"nm":"Group 1","np":2,"cix":2,"bm":0,"ix":1,"mn":"ADBE Vector Group","hd":false}],"ip":67,"op":91,"st":43,"bm":0},{"ddd":0,"ind":8,"ty":4,"nm":"Layer 2/Coral_Icon_Vector_3 Outlines 2","sr":0.8,"ks":{"o":{"a":0,"k":100,"ix":11},"r":{"a":0,"k":0,"ix":10},"p":{"a":0,"k":[700,700,0],"ix":2,"l":2},"a":{"a":0,"k":[700,700,0],"ix":1,"l":2},"s":{"a":0,"k":[100,100,100],"ix":6,"l":2}},"ao":0,"shapes":[{"ty":"gr","it":[{"ind":0,"ty":"sh","ix":1,"ks":{"a":1,"k":[{"i":{"x":0.833,"y":0.833},"o":{"x":0.333,"y":0},"t":5,"s":[{"i":[[21.97,-0.146],[0,0],[0.924,7.703],[0,0],[-16.228,-0.001],[0,0],[-0.537,-11.829],[0,0]],"o":[[0,0],[-30.364,-0.228],[0,0],[0.987,-18.074],[0,0],[23.995,0.153],[0,0],[0.213,13.135]],"v":[[-34.365,372.821],[-64.032,373.404],[-99.82,356.973],[-99.383,349.249],[-66.168,329.677],[-34.641,330.273],[1.141,348.504],[0.891,355.04]],"c":true}]},{"i":{"x":0.667,"y":1},"o":{"x":0.167,"y":0.167},"t":13,"s":[{"i":[[58.97,0.854],[0,0],[-0.626,93.457],[0,0],[-77.228,0.499],[0,0],[-0.287,-64.329],[0,0]],"o":[[0,0],[-93.459,-0.005],[0,0],[2.487,-37.574],[0,0],[73.495,2.153],[0,0],[-2.287,72.635]],"v":[[-34.365,372.821],[-64.032,373.404],[-231.82,203.473],[-232.883,186.249],[-135.168,135.177],[-22.891,135.523],[68.891,231.004],[68.891,275.04]],"c":true}]},{"i":{"x":0.833,"y":0.833},"o":{"x":0.333,"y":0},"t":29,"s":[{"i":[[93.23,0.005],[0,0],[-0.626,93.457],[0,0],[-53.816,53.941],[0,0],[0,-112.917],[0,0]],"o":[[0,0],[-93.459,-0.005],[0,0],[0.51,-76.194],[0,0],[79.752,-79.938],[0,0],[0,93.23]],"v":[[63.634,373.411],[-63.032,373.404],[-231.82,203.473],[-230.942,72.249],[-146.168,-130.823],[16.109,-293.477],[232.445,-204.016],[232.445,204.609]],"c":true}]},{"i":{"x":0.667,"y":1},"o":{"x":0.167,"y":0.167},"t":48.2,"s":[{"i":[[31.003,-0.194],[0,0],[17.524,13.194],[1.486,9.042],[-22.263,21.654],[-25.488,17.774],[-33.066,-43.687],[0.808,-9.043]],"o":[[0,0],[-20.082,0.017],[-9.226,-8.306],[-1.437,-22.415],[0,0],[70.262,-40.476],[22.434,31.813],[0.765,41.549]],"v":[[117.784,-176.107],[40.368,-175.657],[-30.17,-186.519],[-45.166,-209.992],[-11.133,-266.229],[37.592,-311.348],[208.295,-279.012],[232.214,-210.373]],"c":true}]},{"t":52.2,"s":[{"i":[[18.039,-0.235],[0,0],[11.007,0.797],[1.796,10.926],[-16.478,4.499],[-8.998,0.406],[-8.091,-2.308],[0.977,-10.927]],"o":[[0,0],[-4.795,0.022],[-11.007,-0.797],[-1.843,-11.212],[0,0],[13.245,-0.597],[16.884,4.816],[-0.9,10.066]],"v":[[129.065,-290.589],[111.149,-290.346],[87.361,-291.027],[61.808,-306.25],[79.832,-328.573],[98.859,-330.477],[135.445,-328.017],[158.004,-305.891]],"c":true}]}],"ix":2},"nm":"Path 1","mn":"ADBE Vector Shape - Group","hd":false},{"ty":"fl","c":{"a":0,"k":[1,0.466666668653,0.349019616842,1],"ix":4},"o":{"a":0,"k":100,"ix":5},"r":1,"bm":0,"nm":"Fill 1","mn":"ADBE Vector Graphic - Fill","hd":false},{"ty":"tr","p":{"a":0,"k":[974.396,832.325],"ix":2},"a":{"a":0,"k":[0,0],"ix":1},"s":{"a":0,"k":[100,100],"ix":3},"r":{"a":0,"k":0,"ix":6},"o":{"a":0,"k":100,"ix":7},"sk":{"a":0,"k":0,"ix":4},"sa":{"a":0,"k":0,"ix":5},"nm":"Transform"}],"nm":"Group 1","np":2,"cix":2,"bm":0,"ix":1,"mn":"ADBE Vector Group","hd":false}],"ip":29,"op":53,"st":-19,"bm":0},{"ddd":0,"ind":9,"ty":4,"nm":"Layer 3/Coral_Icon_Vector_3 Outlines 2","sr":0.8,"ks":{"o":{"a":0,"k":100,"ix":11},"r":{"a":0,"k":0,"ix":10},"p":{"a":0,"k":[700,700,0],"ix":2,"l":2},"a":{"a":0,"k":[700,700,0],"ix":1,"l":2},"s":{"a":0,"k":[100,100,100],"ix":6,"l":2}},"ao":0,"shapes":[{"ty":"gr","it":[{"ind":0,"ty":"sh","ix":1,"ks":{"a":1,"k":[{"i":{"x":0.833,"y":0.833},"o":{"x":0.167,"y":0.167},"t":13,"s":[{"i":[[7.378,-10.061],[13.172,-8.594],[12.304,-1.908],[3.666,10.373],[-9.382,6.789],[0,0],[-7.517,2.651],[0,0]],"o":[[-5.074,6.918],[-15.834,10.331],[0,0],[-3.424,-9.688],[0,0],[6.817,-3.831],[8.382,-2.957],[13.304,-2.849]],"v":[[197.685,294.738],[175.141,314.521],[127.759,334.335],[109.147,328.054],[120.945,306.388],[139.246,294.759],[166.58,282.026],[184.009,277.026]],"c":true}]},{"i":{"x":0.833,"y":0.833},"o":{"x":0.167,"y":0.167},"t":21,"s":[{"i":[[-0.133,-34.394],[0.755,-28.344],[90.72,76.009],[2.444,6.916],[-0.173,37.706],[0,0],[-31.85,-0.515],[0,0]],"o":[[-0.133,22.606],[-13.745,95.656],[0,0],[-19.582,-23.722],[0,0],[1.776,-38.414],[46.15,-0.515],[34.388,0.318]],"v":[[230.446,142.072],[230.058,221.522],[15.593,304.169],[-47.853,241.554],[-68.014,165.472],[-67.963,148.092],[-16.837,93.193],[176.425,93.36]],"c":true}]},{"i":{"x":0.833,"y":0.833},"o":{"x":0.167,"y":0.167},"t":37,"s":[{"i":[[0.001,-101.737],[0,0],[80.946,78.158],[0,0],[0.009,73.32],[0,0],[-101.744,0],[0,0]],"o":[[0,0],[-0.002,114.866],[-80.946,-78.158],[-51.899,-51.791],[0,0],[-0.012,-101.745],[0,0],[101.737,0]],"v":[[229.967,-196.262],[230.392,208.021],[10.259,299.335],[-148.854,140.554],[-229.931,-54.862],[-230.379,-196.242],[-46.171,-380.474],[45.759,-380.474]],"c":true}]},{"i":{"x":0.833,"y":0.833},"o":{"x":0.167,"y":0.167},"t":46,"s":[{"i":[[-8.093,-82.751],[0,0],[52.009,17.901],[43.655,16.093],[1.233,62.146],[-13.019,38.061],[-72.367,1.029],[0,0]],"o":[[0,0],[1.885,64.729],[-72.991,-19.099],[-43.655,-16.093],[0,0],[26.981,-60.939],[0,0],[99.228,-0.293]],"v":[[225.453,-224.873],[227.314,-22.304],[107.304,34.277],[-165.032,-43.729],[-230.92,-165.969],[-217.668,-265.884],[-55.39,-378.919],[41.527,-380.87]],"c":true}]},{"i":{"x":0.833,"y":0.833},"o":{"x":0.167,"y":0.167},"t":54.6,"s":[{"i":[[-15.827,-64.609],[0,0],[24.778,0.428],[0,0],[-8.377,29.226],[-19.221,23.919],[-44.296,2.011],[0,0]],"o":[[0,0],[3.689,16.82],[0,0],[-30.696,-1.911],[0,0],[21.279,-24.581],[0,0],[96.83,-0.573]],"v":[[221.14,-252.213],[224.374,-242.392],[200.035,-219.001],[-180.491,-219.822],[-212.31,-276.048],[-185.966,-318.742],[-64.199,-377.433],[37.483,-381.249]],"c":true}]},{"t":60.2,"s":[{"i":[[-0.154,-11.311],[0,0],[27.804,-0.908],[0,0],[0.494,9.789],[-13.943,6.331],[-26.016,2.651],[0,0]],"o":[[0,0],[-0.078,9.656],[0,0],[-16.333,0.123],[0,0],[13.943,-6.331],[0,0],[22.555,0.125]],"v":[[-11.033,-366.762],[-10.859,-354.728],[-44.741,-334.164],[-99.604,-333.946],[-136.181,-347.862],[-124.379,-362.992],[-67.421,-379.224],[-44.241,-380.697]],"c":true}]}],"ix":2},"nm":"Path 1","mn":"ADBE Vector Shape - Group","hd":false},{"ty":"fl","c":{"a":0,"k":[1,0.466666668653,0.349019616842,1],"ix":4},"o":{"a":0,"k":100,"ix":5},"r":1,"bm":0,"nm":"Fill 1","mn":"ADBE Vector Graphic - Fill","hd":false},{"ty":"tr","p":{"a":0,"k":[431.132,579.619],"ix":2},"a":{"a":0,"k":[0,0],"ix":1},"s":{"a":0,"k":[100,100],"ix":3},"r":{"a":0,"k":0,"ix":6},"o":{"a":0,"k":100,"ix":7},"sk":{"a":0,"k":0,"ix":4},"sa":{"a":0,"k":0,"ix":5},"nm":"Transform"}],"nm":"Group 1","np":2,"cix":2,"bm":0,"ix":1,"mn":"ADBE Vector Group","hd":false}],"ip":37,"op":61,"st":-11,"bm":0},{"ddd":0,"ind":10,"ty":4,"nm":"Layer 4/Coral_Icon_Vector_3 Outlines 2","sr":0.8,"ks":{"o":{"a":0,"k":100,"ix":11},"r":{"a":0,"k":0,"ix":10},"p":{"a":0,"k":[700,700,0],"ix":2,"l":2},"a":{"a":0,"k":[700,700,0],"ix":1,"l":2},"s":{"a":0,"k":[100,100,100],"ix":6,"l":2}},"ao":0,"shapes":[{"ty":"gr","it":[{"ind":0,"ty":"sh","ix":1,"ks":{"a":1,"k":[{"i":{"x":0.833,"y":0.833},"o":{"x":0.333,"y":0},"t":10,"s":[{"i":[[0.33,6.629],[0,0],[-10.326,-0.343],[0,0],[15.876,-0.27],[0,0]],"o":[[0,0],[0.078,-4.486],[0,0],[12.124,0.287],[0,0],[-7.818,0.23]],"v":[[36.906,143.308],[37.159,139.423],[51.313,132.53],[70.862,133.15],[70.61,151.957],[51.304,151.957]],"c":true}]},{"i":{"x":0.667,"y":1},"o":{"x":0.167,"y":0.167},"t":19.6,"s":[{"i":[[0.198,22.512],[0,0],[-27.348,-21.309],[0,0],[44.526,-1.529],[0,0]],"o":[[0,0],[0.047,-32.571],[0,0],[47.574,59.637],[0,0],[-23.225,0.138]],"v":[[-41.694,113.217],[-41.329,-32.277],[24.425,-60.17],[116.662,31.8],[68.711,151.966],[0.504,151.966]],"c":true}]},{"i":{"x":0.833,"y":1},"o":{"x":0.333,"y":0},"t":34,"s":[{"i":[[-0.001,46.336],[0,0],[-52.881,-52.758],[0,0],[62.481,0],[0,0]],"o":[[0,0],[0.001,-74.698],[0,0],[44.232,44.129],[0,0],[-46.336,0]],"v":[[-159.593,68.08],[-159.591,-39.827],[-16.438,-99.22],[115.362,32.275],[65.861,151.979],[-75.695,151.979]],"c":true}]},{"t":57.2,"s":[{"i":[[10.581,-0.072],[-11.14,6.27],[-12.451,0.032],[0,0],[9.376,-0.042],[0,0]],"o":[[-15.67,0.107],[13.078,-7.361],[15.556,-0.04],[11.374,8.537],[0,0],[-14.943,0.083]],"v":[[-107.343,-99.67],[-115.091,-113.702],[-73.812,-123.595],[-39.887,-116.101],[-41.889,-100.021],[-64.446,-99.771]],"c":true}]}],"ix":2},"nm":"Path 1","mn":"ADBE Vector Shape - Group","hd":false},{"ty":"fl","c":{"a":0,"k":[1,0.466666668653,0.349019616842,1],"ix":4},"o":{"a":0,"k":100,"ix":5},"r":1,"bm":0,"nm":"Fill 1","mn":"ADBE Vector Graphic - Fill","hd":false},{"ty":"tr","p":{"a":0,"k":[399.763,1016.563],"ix":2},"a":{"a":0,"k":[0,0],"ix":1},"s":{"a":0,"k":[100,100],"ix":3},"r":{"a":0,"k":0,"ix":6},"o":{"a":0,"k":100,"ix":7},"sk":{"a":0,"k":0,"ix":4},"sa":{"a":0,"k":0,"ix":5},"nm":"Transform"}],"nm":"Group 1","np":2,"cix":2,"bm":0,"ix":1,"mn":"ADBE Vector Group","hd":false}],"ip":34,"op":58,"st":-14,"bm":0},{"ddd":0,"ind":11,"ty":4,"nm":"Layer 5/Coral_Icon_Vector_3 Outlines 2","sr":0.8,"ks":{"o":{"a":0,"k":100,"ix":11},"r":{"a":0,"k":0,"ix":10},"p":{"a":0,"k":[700,700,0],"ix":2,"l":2},"a":{"a":0,"k":[700,700,0],"ix":1,"l":2},"s":{"a":0,"k":[100,100,100],"ix":6,"l":2}},"ao":0,"shapes":[{"ty":"gr","it":[{"ind":0,"ty":"sh","ix":1,"ks":{"a":1,"k":[{"i":{"x":0.833,"y":0.833},"o":{"x":0.333,"y":0},"t":19,"s":[{"i":[[-20.05,-12.219],[0,0],[8.637,-7.103],[9.861,4.195],[6.178,4.726],[1.928,3.538]],"o":[[0,0],[16.931,6.552],[0,0],[-9.376,-3.989],[0,0],[-5.572,-11.712]],"v":[[-118.4,81.372],[-98.631,89.851],[-84.587,115.257],[-103.311,115.709],[-135.628,97.927],[-143.878,88.615]],"c":true}]},{"i":{"x":0.833,"y":0.833},"o":{"x":0.167,"y":0.167},"t":23.8,"s":[{"i":[[-24.497,-10.947],[0,0],[18.825,-19.889],[44.521,-0.841],[17.337,21.289],[8.979,27.5]],"o":[[0,0],[21.742,5.87],[0,0],[-45.479,-0.091],[0,0],[-4.993,-17.026]],"v":[[-128.898,20.084],[-70.365,38.429],[6.476,93.293],[-63.221,120.745],[-154.036,81.364],[-177.303,40.028]],"c":true}]},{"i":{"x":0.667,"y":1},"o":{"x":0.167,"y":0.167},"t":31.8,"s":[{"i":[[-45.067,-5.065],[0,0],[32.589,-33.319],[23.634,-16.337],[14.649,77.867],[0.425,19.864]],"o":[[0,0],[43.996,2.714],[0,0],[-59.444,38.718],[0,0],[0.425,-38.636]],"v":[[-96.151,-76.26],[13.912,-67.775],[76.635,22.677],[-9.334,105.241],[-179.099,29.787],[-181.875,-4.96]],"c":true}]},{"i":{"x":0.833,"y":0.833},"o":{"x":0.333,"y":0},"t":43,"s":[{"i":[[-62.813,0.009],[0,0],[44.464,-44.905],[0,0],[0,101.604],[0,0]],"o":[[0,0],[63.194,-0.009],[0,0],[-71.491,72.199],[0,0],[0,-62.812]],"v":[[-67.9,-159.378],[86.619,-159.398],[137.164,-38.243],[12.939,87.208],[-181.628,7.177],[-181.628,-45.634]],"c":true}]},{"i":{"x":0.667,"y":1},"o":{"x":0.167,"y":0.167},"t":61.4,"s":[{"i":[[-13.596,1.109],[-13.318,-4.849],[-0.502,-33.07],[0,0],[5.893,34.183],[0,0]],"o":[[15.151,-0.141],[42.926,16.151],[-0.75,33.673],[-20.947,17.569],[0,0],[-3.934,-30.768]],"v":[[64.406,-159.703],[105.373,-156.996],[157.551,-84.278],[130.395,-30.179],[60.919,-61.542],[52.745,-115.827]],"c":true}]},{"t":66.2,"s":[{"i":[[-4.325,1.594],[-6.819,-6.073],[-5.738,-14.603],[0,0],[3.928,4.601],[0,0]],"o":[[4.325,-1.594],[14.067,12.528],[2.26,5.752],[-7.764,3.32],[0,0],[-4.322,-4.587]],"v":[[113.725,-148.128],[130.119,-145.023],[153.414,-113.618],[150.314,-104.917],[132.372,-114.447],[113.872,-134.134]],"c":true}]}],"ix":2},"nm":"Path 1","mn":"ADBE Vector Shape - Group","hd":false},{"ty":"fl","c":{"a":0,"k":[1,0.466666668653,0.349019616842,1],"ix":4},"o":{"a":0,"k":100,"ix":5},"r":1,"bm":0,"nm":"Fill 1","mn":"ADBE Vector Graphic - Fill","hd":false},{"ty":"tr","p":{"a":0,"k":[924.2,398.096],"ix":2},"a":{"a":0,"k":[0,0],"ix":1},"s":{"a":0,"k":[100,100],"ix":3},"r":{"a":0,"k":0,"ix":6},"o":{"a":0,"k":100,"ix":7},"sk":{"a":0,"k":0,"ix":4},"sa":{"a":0,"k":0,"ix":5},"nm":"Transform"}],"nm":"Group 1","np":2,"cix":2,"bm":0,"ix":1,"mn":"ADBE Vector Group","hd":false}],"ip":43,"op":67,"st":-5,"bm":0},{"ddd":0,"ind":12,"ty":4,"nm":"Layer 2/Coral_Icon_Vector_3 Outlines","sr":1,"ks":{"o":{"a":0,"k":100,"ix":11},"r":{"a":0,"k":0,"ix":10},"p":{"a":0,"k":[700,700,0],"ix":2,"l":2},"a":{"a":0,"k":[700,700,0],"ix":1,"l":2},"s":{"a":0,"k":[100,100,100],"ix":6,"l":2}},"ao":0,"ef":[{"ty":21,"nm":"Fill","np":9,"mn":"ADBE Fill","ix":1,"en":1,"ef":[{"ty":10,"nm":"Fill Mask","mn":"ADBE Fill-0001","ix":1,"v":{"a":0,"k":0,"ix":1}},{"ty":7,"nm":"All Masks","mn":"ADBE Fill-0007","ix":2,"v":{"a":0,"k":0,"ix":2}},{"ty":2,"nm":"Color","mn":"ADBE Fill-0002","ix":3,"v":{"a":0,"k":[1,0.466666668653,0.349019616842,1],"ix":3}},{"ty":7,"nm":"Invert","mn":"ADBE Fill-0006","ix":4,"v":{"a":0,"k":0,"ix":4}},{"ty":0,"nm":"Horizontal Feather","mn":"ADBE Fill-0003","ix":5,"v":{"a":0,"k":0,"ix":5}},{"ty":0,"nm":"Vertical Feather","mn":"ADBE Fill-0004","ix":6,"v":{"a":0,"k":0,"ix":6}},{"ty":0,"nm":"Opacity","mn":"ADBE Fill-0005","ix":7,"v":{"a":0,"k":1,"ix":7}}]}],"shapes":[{"ty":"gr","it":[{"ind":0,"ty":"sh","ix":1,"ks":{"a":0,"k":{"i":[[93.23,0.005],[0,0],[-0.626,93.457],[0,0],[-53.816,53.941],[0,0],[0,-112.917],[0,0]],"o":[[0,0],[-93.459,-0.005],[0,0],[0.51,-76.194],[0,0],[79.752,-79.938],[0,0],[0,93.23]],"v":[[63.634,373.411],[-63.032,373.404],[-231.82,203.473],[-230.942,72.249],[-146.168,-130.823],[16.109,-293.477],[232.445,-204.016],[232.445,204.609]],"c":true},"ix":2},"nm":"Path 1","mn":"ADBE Vector Shape - Group","hd":false},{"ty":"fl","c":{"a":0,"k":[1,0.466666696586,0.349019607843,1],"ix":4},"o":{"a":0,"k":100,"ix":5},"r":1,"bm":0,"nm":"Fill 1","mn":"ADBE Vector Graphic - Fill","hd":false},{"ty":"tr","p":{"a":0,"k":[974.396,832.325],"ix":2},"a":{"a":0,"k":[0,0],"ix":1},"s":{"a":0,"k":[100,100],"ix":3},"r":{"a":0,"k":0,"ix":6},"o":{"a":0,"k":100,"ix":7},"sk":{"a":0,"k":0,"ix":4},"sa":{"a":0,"k":0,"ix":5},"nm":"Transform"}],"nm":"Group 1","np":2,"cix":2,"bm":0,"ix":1,"mn":"ADBE Vector Group","hd":false}],"ip":-16,"op":29,"st":-16,"bm":0},{"ddd":0,"ind":13,"ty":4,"nm":"Layer 3/Coral_Icon_Vector_3 Outlines","sr":1,"ks":{"o":{"a":0,"k":100,"ix":11},"r":{"a":0,"k":0,"ix":10},"p":{"a":0,"k":[700,700,0],"ix":2,"l":2},"a":{"a":0,"k":[700,700,0],"ix":1,"l":2},"s":{"a":0,"k":[100,100,100],"ix":6,"l":2}},"ao":0,"ef":[{"ty":21,"nm":"Fill","np":9,"mn":"ADBE Fill","ix":1,"en":1,"ef":[{"ty":10,"nm":"Fill Mask","mn":"ADBE Fill-0001","ix":1,"v":{"a":0,"k":0,"ix":1}},{"ty":7,"nm":"All Masks","mn":"ADBE Fill-0007","ix":2,"v":{"a":0,"k":0,"ix":2}},{"ty":2,"nm":"Color","mn":"ADBE Fill-0002","ix":3,"v":{"a":0,"k":[1,0.466666668653,0.349019616842,1],"ix":3}},{"ty":7,"nm":"Invert","mn":"ADBE Fill-0006","ix":4,"v":{"a":0,"k":0,"ix":4}},{"ty":0,"nm":"Horizontal Feather","mn":"ADBE Fill-0003","ix":5,"v":{"a":0,"k":0,"ix":5}},{"ty":0,"nm":"Vertical Feather","mn":"ADBE Fill-0004","ix":6,"v":{"a":0,"k":0,"ix":6}},{"ty":0,"nm":"Opacity","mn":"ADBE Fill-0005","ix":7,"v":{"a":0,"k":1,"ix":7}}]}],"shapes":[{"ty":"gr","it":[{"ind":0,"ty":"sh","ix":1,"ks":{"a":0,"k":{"i":[[0.001,-101.737],[0,0],[81.307,81.138],[0,0],[0.009,73.32],[0,0],[-101.744,0],[0,0]],"o":[[0,0],[-0.002,114.866],[0,0],[-51.899,-51.791],[0,0],[-0.012,-101.745],[0,0],[101.737,0]],"v":[[229.967,-196.262],[230.392,208.021],[10.259,299.335],[-148.854,140.554],[-229.931,-54.862],[-230.379,-196.242],[-46.171,-380.474],[45.759,-380.474]],"c":true},"ix":2},"nm":"Path 1","mn":"ADBE Vector Shape - Group","hd":false},{"ty":"fl","c":{"a":0,"k":[1,0.466666696586,0.349019607843,1],"ix":4},"o":{"a":0,"k":100,"ix":5},"r":1,"bm":0,"nm":"Fill 1","mn":"ADBE Vector Graphic - Fill","hd":false},{"ty":"tr","p":{"a":0,"k":[430.687,578.822],"ix":2},"a":{"a":0,"k":[0,0],"ix":1},"s":{"a":0,"k":[100,100],"ix":3},"r":{"a":0,"k":0,"ix":6},"o":{"a":0,"k":100,"ix":7},"sk":{"a":0,"k":0,"ix":4},"sa":{"a":0,"k":0,"ix":5},"nm":"Transform"}],"nm":"Group 1","np":2,"cix":2,"bm":0,"ix":1,"mn":"ADBE Vector Group","hd":false}],"ip":-4,"op":37,"st":-4,"bm":0},{"ddd":0,"ind":14,"ty":4,"nm":"Layer 4/Coral_Icon_Vector_3 Outlines","sr":1,"ks":{"o":{"a":0,"k":100,"ix":11},"r":{"a":0,"k":0,"ix":10},"p":{"a":0,"k":[700,700,0],"ix":2,"l":2},"a":{"a":0,"k":[700,700,0],"ix":1,"l":2},"s":{"a":0,"k":[100,100,100],"ix":6,"l":2}},"ao":0,"ef":[{"ty":21,"nm":"Fill","np":9,"mn":"ADBE Fill","ix":1,"en":1,"ef":[{"ty":10,"nm":"Fill Mask","mn":"ADBE Fill-0001","ix":1,"v":{"a":0,"k":0,"ix":1}},{"ty":7,"nm":"All Masks","mn":"ADBE Fill-0007","ix":2,"v":{"a":0,"k":0,"ix":2}},{"ty":2,"nm":"Color","mn":"ADBE Fill-0002","ix":3,"v":{"a":0,"k":[1,0.466666668653,0.349019616842,1],"ix":3}},{"ty":7,"nm":"Invert","mn":"ADBE Fill-0006","ix":4,"v":{"a":0,"k":0,"ix":4}},{"ty":0,"nm":"Horizontal Feather","mn":"ADBE Fill-0003","ix":5,"v":{"a":0,"k":0,"ix":5}},{"ty":0,"nm":"Vertical Feather","mn":"ADBE Fill-0004","ix":6,"v":{"a":0,"k":0,"ix":6}},{"ty":0,"nm":"Opacity","mn":"ADBE Fill-0005","ix":7,"v":{"a":0,"k":1,"ix":7}}]}],"shapes":[{"ty":"gr","it":[{"ind":0,"ty":"sh","ix":1,"ks":{"a":0,"k":{"i":[[-0.001,46.336],[0,0],[-52.881,-52.758],[0,0],[62.481,0],[0,0]],"o":[[0,0],[0.001,-74.698],[0,0],[44.232,44.129],[0,0],[-46.336,0]],"v":[[-159.593,68.08],[-159.591,-39.827],[-16.438,-99.22],[115.362,32.275],[65.861,151.979],[-75.695,151.979]],"c":true},"ix":2},"nm":"Path 1","mn":"ADBE Vector Shape - Group","hd":false},{"ty":"fl","c":{"a":0,"k":[1,0.466666696586,0.349019607843,1],"ix":4},"o":{"a":0,"k":100,"ix":5},"r":1,"bm":0,"nm":"Fill 1","mn":"ADBE Vector Graphic - Fill","hd":false},{"ty":"tr","p":{"a":0,"k":[399.763,1016.563],"ix":2},"a":{"a":0,"k":[0,0],"ix":1},"s":{"a":0,"k":[100,100],"ix":3},"r":{"a":0,"k":0,"ix":6},"o":{"a":0,"k":100,"ix":7},"sk":{"a":0,"k":0,"ix":4},"sa":{"a":0,"k":0,"ix":5},"nm":"Transform"}],"nm":"Group 1","np":2,"cix":2,"bm":0,"ix":1,"mn":"ADBE Vector Group","hd":false}],"ip":-9,"op":34,"st":-9,"bm":0},{"ddd":0,"ind":15,"ty":4,"nm":"Layer 5/Coral_Icon_Vector_3 Outlines","sr":1,"ks":{"o":{"a":0,"k":100,"ix":11},"r":{"a":0,"k":0,"ix":10},"p":{"a":0,"k":[700,700,0],"ix":2,"l":2},"a":{"a":0,"k":[700,700,0],"ix":1,"l":2},"s":{"a":0,"k":[100,100,100],"ix":6,"l":2}},"ao":0,"ef":[{"ty":21,"nm":"Fill","np":9,"mn":"ADBE Fill","ix":1,"en":1,"ef":[{"ty":10,"nm":"Fill Mask","mn":"ADBE Fill-0001","ix":1,"v":{"a":0,"k":0,"ix":1}},{"ty":7,"nm":"All Masks","mn":"ADBE Fill-0007","ix":2,"v":{"a":0,"k":0,"ix":2}},{"ty":2,"nm":"Color","mn":"ADBE Fill-0002","ix":3,"v":{"a":0,"k":[1,0.466666668653,0.349019616842,1],"ix":3}},{"ty":7,"nm":"Invert","mn":"ADBE Fill-0006","ix":4,"v":{"a":0,"k":0,"ix":4}},{"ty":0,"nm":"Horizontal Feather","mn":"ADBE Fill-0003","ix":5,"v":{"a":0,"k":0,"ix":5}},{"ty":0,"nm":"Vertical Feather","mn":"ADBE Fill-0004","ix":6,"v":{"a":0,"k":0,"ix":6}},{"ty":0,"nm":"Opacity","mn":"ADBE Fill-0005","ix":7,"v":{"a":0,"k":1,"ix":7}}]}],"shapes":[{"ty":"gr","it":[{"ind":0,"ty":"sh","ix":1,"ks":{"a":0,"k":{"i":[[-62.813,0.009],[0,0],[44.464,-44.905],[0,0],[0,101.604],[0,0]],"o":[[0,0],[63.194,-0.009],[0,0],[-71.491,72.199],[0,0],[0,-62.812]],"v":[[-67.9,-159.378],[86.619,-159.398],[137.164,-38.243],[12.939,87.208],[-181.628,7.177],[-181.628,-45.634]],"c":true},"ix":2},"nm":"Path 1","mn":"ADBE Vector Shape - Group","hd":false},{"ty":"fl","c":{"a":0,"k":[1,0.466666696586,0.349019607843,1],"ix":4},"o":{"a":0,"k":100,"ix":5},"r":1,"bm":0,"nm":"Fill 1","mn":"ADBE Vector Graphic - Fill","hd":false},{"ty":"tr","p":{"a":0,"k":[924.2,398.096],"ix":2},"a":{"a":0,"k":[0,0],"ix":1},"s":{"a":0,"k":[100,100],"ix":3},"r":{"a":0,"k":0,"ix":6},"o":{"a":0,"k":100,"ix":7},"sk":{"a":0,"k":0,"ix":4},"sa":{"a":0,"k":0,"ix":5},"nm":"Transform"}],"nm":"Group 1","np":2,"cix":2,"bm":0,"ix":1,"mn":"ADBE Vector Group","hd":false}],"ip":-4,"op":43,"st":-4,"bm":0}],"markers":[]}