{
  "$schema": "https://schema.management.azure.com/schemas/2019-04-01/deploymentParameters.json#",
  "contentVersion": "1.0.0.0",
  "parameters": {
    "utcValue": {
      "value": null
    },
    "availabilityZones": {
      "value": []
    },
    "location": {
      "value": "canadacentral"
    },
    "containerName": {
      "value": "cohere-toolkit"
    },
    "imageType": {
      "value": "Public"
    },
    "imageName": {
      "value": "ghcr.io/cohere-ai/cohere-toolkit"
    },
    "osType": {
      "value": "Linux"
    },
    "numberCpuCores": {
      "value": "3"
    },
    "memory": {
      "value": "8"
    },
    "restartPolicy": {
      "value": "OnFailure"
    },
    "sku": {
      "value": "Standard"
    },
    "cohereApiKey": {
      "value": null
    },
    "frontendPort": {
      "value": "4000"
    },
    "backendPort": {
      "value": "8000"
    },
    "ipAddressType": {
      "value": "Public"
    },
    "ports": {
      "value": [
        {
          "port": "80",
          "protocol": "TCP"
        },
        {
          "port": "4000",
          "protocol": "TCP"
        },
        {
          "port": "8000",
          "protocol": "TCP"
        }
      ]
    },
    "dnsNameLabel": {
      "value": "toolkit-app"
    },
    "autoGeneratedDomainNameLabelScope": {
      "value": "Unsecure"
    }
  }
}